image_name,original_resolution,upscaled_resolution,lpips_score,status,model_used,scale_used
1024__image_0001.jpg,1880x1253,1880x1253,,kept,none,1
1024__image_0002.jpg,1092x1300,1092x1300,,kept,none,1
1024__image_0003.jpg,1880x1058,1880x1058,,kept,none,1
1024__image_0004.jpg,1040x1300,1040x1300,,kept,none,1
1024__image_0005.jpg,1733x1300,1733x1300,,kept,none,1
1024__image_0006.jpg,1625x1300,1625x1300,,kept,none,1
1024__image_0008.jpg,1880x1214,1880x1214,,kept,none,1
1024__image_0009.jpg,1880x1252,1880x1252,,kept,none,1
1024__image_0011.jpg,1880x1253,1880x1253,,kept,none,1
1024__image_0012.jpg,1880x1267,1880x1267,,kept,none,1
1024__image_0013.jpg,1880x1253,1880x1253,,kept,none,1
1024__image_0014.jpg,1880x1253,1880x1253,,kept,none,1
1024__image_0015.jpg,1733x1300,1733x1300,,kept,none,1
1024__image_0017.jpg,1880x1253,1880x1253,,kept,none,1
1024__image_0018.jpg,1727x1300,1727x1300,,kept,none,1
1024__image_0021.jpg,1880x1253,1880x1253,,kept,none,1
1024__image_0023.jpg,1733x1300,1733x1300,,kept,none,1
1024__image_0024.jpg,1880x1060,1880x1060,,kept,none,1
1024__image_0027.jpg,1880x1247,1880x1247,,kept,none,1
1024__image_0032.jpg,1880x1253,1880x1253,,kept,none,1
1024__image_0035.jpg,1880x1269,1880x1269,,kept,none,1
1024__image_0036.jpg,1880x1253,1880x1253,,kept,none,1
1024__image_0037.jpg,1061x1300,1061x1300,,kept,none,1
1024__image_0038.jpg,1880x1245,1880x1245,,kept,none,1
1024__image_0039.jpg,1880x1058,1880x1058,,kept,none,1
1024__image_0040.jpg,1880x1254,1880x1254,,kept,none,1
1024__image_0041.jpg,1880x1092,1880x1092,,kept,none,1
1024__image_0047.jpg,1880x1253,1880x1253,,kept,none,1
1024__image_0048.jpg,1727x1300,1727x1300,,kept,none,1
1024__image_0049.jpg,1182x1300,1182x1300,,kept,none,1
1024__image_0050.jpg,1104x1300,1104x1300,,kept,none,1
1024__image_0052.jpg,1880x1230,1880x1230,,kept,none,1
1024__image_0053.jpg,1129x1300,1129x1300,,kept,none,1
1024__image_0061.jpg,1167x1300,1167x1300,,kept,none,1
1024__image_0062.jpg,1880x1253,1880x1253,,kept,none,1
1024__image_0066.jpg,1880x1253,1880x1253,,kept,none,1
1024__image_0071.jpg,1880x1245,1880x1245,,kept,none,1
1024__image_0074.jpg,1880x1253,1880x1253,,kept,none,1
1024__image_0075.jpg,1040x1300,1040x1300,,kept,none,1
1024__image_0076.jpg,1713x1300,1713x1300,,kept,none,1
1024__image_0078.jpg,1880x1184,1880x1184,,kept,none,1
1024__image_0081.jpg,1040x1300,1040x1300,,kept,none,1
1024__image_0083.jpg,1040x1300,1040x1300,,kept,none,1
1024__image_0084.jpg,1880x1253,1880x1253,,kept,none,1
1024__image_0085.jpg,1733x1300,1733x1300,,kept,none,1
1024__image_0086.jpg,1880x1253,1880x1253,,kept,none,1
1024__image_0091.jpg,1880x1253,1880x1253,,kept,none,1
1024__image_0092.jpg,1880x1050,1880x1050,,kept,none,1
1024__image_0094.jpg,1880x1155,1880x1155,,kept,none,1
1024__image_0097.jpg,1880x1226,1880x1226,,kept,none,1
1024__image_0098.jpg,1880x1253,1880x1253,,kept,none,1
1024__image_0100.jpg,1516x1300,1516x1300,,kept,none,1
1024__image_0101.jpg,1880x1253,1880x1253,,kept,none,1
1024__image_0104.jpg,1495x1300,1495x1300,,kept,none,1
1024__image_0106.jpg,1070x1300,1070x1300,,kept,none,1
1024__image_0113.jpg,1733x1300,1733x1300,,kept,none,1
1024__image_0114.jpg,1880x1253,1880x1253,,kept,none,1
1024__image_0115.jpg,1880x1245,1880x1245,,kept,none,1
1024__image_0117.jpg,1733x1300,1733x1300,,kept,none,1
1024__image_0119.jpg,1880x1255,1880x1255,,kept,none,1
1024__image_0120.jpg,1880x1253,1880x1253,,kept,none,1
1024__image_0121.jpg,1880x1253,1880x1253,,kept,none,1
1024__image_0125.jpg,1731x1300,1731x1300,,kept,none,1
1024__image_0126.jpg,1880x1253,1880x1253,,kept,none,1
1024__image_0127.jpg,1328x1300,1328x1300,,kept,none,1
1024__image_0130.jpg,1880x1253,1880x1253,,kept,none,1
1024__image_0131.jpg,1733x1300,1733x1300,,kept,none,1
1024__image_0132.jpg,1880x1253,1880x1253,,kept,none,1
1024__image_0133.jpg,1873x1300,1873x1300,,kept,none,1
1024__image_0134.jpg,1040x1300,1040x1300,,kept,none,1
1024__image_0137.jpg,1880x1253,1880x1253,,kept,none,1
1024__image_0138.jpg,1880x1253,1880x1253,,kept,none,1
1024__image_0158.jpg,1067x1280,1067x1280,,kept,none,1
1024__image_0175.jpg,1280x1067,1280x1067,,kept,none,1
1024__image_0181.jpg,1145x1280,1145x1280,,kept,none,1
1024__image_0217.jpg,1222x1280,1222x1280,,kept,none,1
1024__image_0218.jpg,1280x1280,1280x1280,,kept,none,1
1024__image_0219.jpg,1280x1280,1280x1280,,kept,none,1
1024__image_0222.jpg,1280x1280,1280x1280,,kept,none,1
1024__image_0360.jpg,1880x1060,1880x1060,,kept,none,1
1024__image_0371.jpg,1880x1253,1880x1253,,kept,none,1
1024__image_0375.jpg,1880x1253,1880x1253,,kept,none,1
1024__image_0376.jpg,1880x1060,1880x1060,,kept,none,1
1024__image_0377.jpg,1880x1252,1880x1252,,kept,none,1
1024__image_0378.jpg,1880x1253,1880x1253,,kept,none,1
1024__image_0379.jpg,1880x1295,1880x1295,,kept,none,1
1024__image_0381.jpg,1880x1060,1880x1060,,kept,none,1
1024__image_0382.jpg,1880x1253,1880x1253,,kept,none,1
1024__image_0384.jpg,1036x1300,1036x1300,,kept,none,1
1024__image_0387.jpg,1040x1300,1040x1300,,kept,none,1
1024__image_0413.jpg,1078x1280,1078x1280,,kept,none,1
256__image_0001.jpg,256x256,1024x1024,0.052858,kept,RealESRGAN_x4plus,4
256__image_0002.jpg,256x256,1024x1024,0.033816,kept,RealESRGAN_x4plus,4
256__image_0003.jpg,256x256,1024x1024,0.040827,kept,RealESRGAN_x4plus,4
256__image_0004.jpg,256x256,1024x1024,0.037791,kept,RealESRGAN_x4plus,4
256__image_0005.jpg,256x256,1024x1024,0.034407,kept,RealESRGAN_x4plus,4
256__image_0006.jpg,256x256,1024x1024,0.030754,kept,RealESRGAN_x4plus,4
256__image_0007.jpg,256x256,1024x1024,0.040685,kept,RealESRGAN_x4plus,4
256__image_0008.jpg,256x256,1024x1024,0.044439,kept,RealESRGAN_x4plus,4
256__image_0009.jpg,256x256,1024x1024,0.053859,kept,RealESRGAN_x4plus,4
256__image_0010.jpg,256x256,1024x1024,0.023409,kept,RealESRGAN_x4plus,4
256__image_0011.jpg,256x256,1024x1024,0.036840,kept,RealESRGAN_x4plus,4
256__image_0012.jpg,256x256,1024x1024,0.033526,kept,RealESRGAN_x4plus,4
256__image_0013.jpg,256x256,1024x1024,0.038407,kept,RealESRGAN_x4plus,4
256__image_0014.jpg,256x256,1024x1024,0.068421,kept,RealESRGAN_x4plus,4
256__image_0015.jpg,256x256,1024x1024,0.036094,kept,RealESRGAN_x4plus,4
256__image_0016.jpg,256x256,1024x1024,0.022678,kept,RealESRGAN_x4plus,4
256__image_0017.jpg,256x256,1024x1024,0.037818,kept,RealESRGAN_x4plus,4
256__image_0018.jpg,256x256,1024x1024,0.045369,kept,RealESRGAN_x4plus,4
256__image_0019.jpg,256x256,1024x1024,0.026790,kept,RealESRGAN_x4plus,4
256__image_0020.jpg,256x256,1024x1024,0.040334,kept,RealESRGAN_x4plus,4
256__image_0021.jpg,256x256,1024x1024,0.026284,kept,RealESRGAN_x4plus,4
256__image_0022.jpg,256x256,1024x1024,0.041295,kept,RealESRGAN_x4plus,4
256__image_0023.jpg,256x256,1024x1024,0.023921,kept,RealESRGAN_x4plus,4
256__image_0024.jpg,256x256,1024x1024,0.029113,kept,RealESRGAN_x4plus,4
256__image_0025.jpg,256x256,1024x1024,0.041056,kept,RealESRGAN_x4plus,4
256__image_0026.jpg,256x256,1024x1024,0.033431,kept,RealESRGAN_x4plus,4
256__image_0027.jpg,256x256,1024x1024,0.029841,kept,RealESRGAN_x4plus,4
256__image_0028.jpg,256x256,1024x1024,0.041057,kept,RealESRGAN_x4plus,4
256__image_0029.jpg,256x256,1024x1024,0.047490,kept,RealESRGAN_x4plus,4
256__image_0030.jpg,256x256,1024x1024,0.046951,kept,RealESRGAN_x4plus,4
256__image_0031.jpg,256x256,1024x1024,0.023150,kept,RealESRGAN_x4plus,4
256__image_0032.jpg,256x256,1024x1024,0.032873,kept,RealESRGAN_x4plus,4
256__image_0033.jpg,256x256,1024x1024,0.049912,kept,RealESRGAN_x4plus,4
256__image_0034.jpg,256x256,1024x1024,0.097722,kept,RealESRGAN_x4plus,4
256__image_0035.jpg,256x256,1024x1024,0.045912,kept,RealESRGAN_x4plus,4
256__image_0036.jpg,256x256,1024x1024,0.032501,kept,RealESRGAN_x4plus,4
256__image_0037.jpg,256x256,1024x1024,0.030198,kept,RealESRGAN_x4plus,4
256__image_0038.jpg,256x256,1024x1024,0.041048,kept,RealESRGAN_x4plus,4
256__image_0039.jpg,256x256,1024x1024,0.039880,kept,RealESRGAN_x4plus,4
256__image_0040.jpg,256x256,1024x1024,0.046227,kept,RealESRGAN_x4plus,4
256__image_0041.jpg,256x256,1024x1024,0.041682,kept,RealESRGAN_x4plus,4
256__image_0042.jpg,256x256,1024x1024,0.027072,kept,RealESRGAN_x4plus,4
256__image_0043.jpg,256x256,1024x1024,0.040928,kept,RealESRGAN_x4plus,4
256__image_0044.jpg,256x256,1024x1024,0.023076,kept,RealESRGAN_x4plus,4
256__image_0045.jpg,256x256,1024x1024,0.017285,kept,RealESRGAN_x4plus,4
256__image_0046.jpg,256x256,1024x1024,0.030304,kept,RealESRGAN_x4plus,4
256__image_0047.jpg,256x256,1024x1024,0.010183,kept,RealESRGAN_x4plus,4
256__image_0048.jpg,256x256,1024x1024,0.045709,kept,RealESRGAN_x4plus,4
256__image_0049.jpg,256x256,1024x1024,0.045625,kept,RealESRGAN_x4plus,4
256__image_0050.jpg,256x256,1024x1024,0.046139,kept,RealESRGAN_x4plus,4
256__image_0051.jpg,256x256,1024x1024,0.040472,kept,RealESRGAN_x4plus,4
256__image_0052.jpg,256x256,1024x1024,0.039606,kept,RealESRGAN_x4plus,4
256__image_0053.jpg,256x256,1024x1024,0.062695,kept,RealESRGAN_x4plus,4
256__image_0054.jpg,256x256,1024x1024,0.057835,kept,RealESRGAN_x4plus,4
256__image_0055.jpg,256x256,1024x1024,0.044540,kept,RealESRGAN_x4plus,4
256__image_0056.jpg,256x256,1024x1024,0.024286,kept,RealESRGAN_x4plus,4
256__image_0057.jpg,256x256,1024x1024,0.025623,kept,RealESRGAN_x4plus,4
256__image_0058.jpg,256x256,1024x1024,0.036108,kept,RealESRGAN_x4plus,4
256__image_0059.jpg,256x256,1024x1024,0.022549,kept,RealESRGAN_x4plus,4
256__image_0060.jpg,256x256,1024x1024,0.024138,kept,RealESRGAN_x4plus,4
256__image_0061.jpg,256x256,1024x1024,0.020911,kept,RealESRGAN_x4plus,4
256__image_0062.jpg,256x256,1024x1024,0.050864,kept,RealESRGAN_x4plus,4
256__image_0063.jpg,256x256,1024x1024,0.048940,kept,RealESRGAN_x4plus,4
256__image_0064.jpg,256x256,1024x1024,0.040313,kept,RealESRGAN_x4plus,4
256__image_0065.jpg,256x256,1024x1024,0.021795,kept,RealESRGAN_x4plus,4
256__image_0066.jpg,256x256,1024x1024,0.017673,kept,RealESRGAN_x4plus,4
256__image_0067.jpg,256x256,1024x1024,0.036166,kept,RealESRGAN_x4plus,4
256__image_0068.jpg,256x256,1024x1024,0.027082,kept,RealESRGAN_x4plus,4
256__image_0069.jpg,256x256,1024x1024,0.062984,kept,RealESRGAN_x4plus,4
256__image_0070.jpg,256x256,1024x1024,0.048434,kept,RealESRGAN_x4plus,4
512__image_0007.jpg,865x1300,865x1300,,kept,none,1
512__image_0010.jpg,975x1300,975x1300,,kept,none,1
512__image_0016.jpg,867x1300,867x1300,,kept,none,1
512__image_0019.jpg,867x1300,867x1300,,kept,none,1
512__image_0020.jpg,731x1300,731x1300,,kept,none,1
512__image_0022.jpg,975x1300,975x1300,,kept,none,1
512__image_0025.jpg,975x1300,975x1300,,kept,none,1
512__image_0026.jpg,975x1300,975x1300,,kept,none,1
512__image_0028.jpg,868x1300,868x1300,,kept,none,1
512__image_0029.jpg,890x1300,890x1300,,kept,none,1
512__image_0030.jpg,975x1300,975x1300,,kept,none,1
512__image_0031.jpg,975x1300,975x1300,,kept,none,1
512__image_0033.jpg,975x1300,975x1300,,kept,none,1
512__image_0034.jpg,993x1300,993x1300,,kept,none,1
512__image_0042.jpg,926x1300,926x1300,,kept,none,1
512__image_0043.jpg,731x1300,731x1300,,kept,none,1
512__image_0044.jpg,975x1300,975x1300,,kept,none,1
512__image_0045.jpg,975x1300,975x1300,,kept,none,1
512__image_0046.jpg,975x1300,975x1300,,kept,none,1
512__image_0051.jpg,867x1300,867x1300,,kept,none,1
512__image_0054.jpg,867x1300,867x1300,,kept,none,1
512__image_0055.jpg,731x1300,731x1300,,kept,none,1
512__image_0056.jpg,731x1300,731x1300,,kept,none,1
512__image_0057.jpg,867x1300,867x1300,,kept,none,1
512__image_0058.jpg,979x1300,979x1300,,kept,none,1
512__image_0059.jpg,975x1300,975x1300,,kept,none,1
512__image_0060.jpg,870x1300,870x1300,,kept,none,1
512__image_0063.jpg,943x1300,943x1300,,kept,none,1
512__image_0064.jpg,867x1300,867x1300,,kept,none,1
512__image_0065.jpg,975x1300,975x1300,,kept,none,1
512__image_0067.jpg,867x1300,867x1300,,kept,none,1
512__image_0068.jpg,1012x1300,1012x1300,,kept,none,1
512__image_0069.jpg,975x1300,975x1300,,kept,none,1
512__image_0070.jpg,979x1300,979x1300,,kept,none,1
512__image_0072.jpg,979x1300,979x1300,,kept,none,1
512__image_0073.jpg,979x1300,979x1300,,kept,none,1
512__image_0077.jpg,867x1300,867x1300,,kept,none,1
512__image_0079.jpg,975x1300,975x1300,,kept,none,1
512__image_0080.jpg,867x1300,867x1300,,kept,none,1
512__image_0082.jpg,975x1300,975x1300,,kept,none,1
512__image_0087.jpg,867x1300,867x1300,,kept,none,1
512__image_0088.jpg,867x1300,867x1300,,kept,none,1
512__image_0089.jpg,979x1300,979x1300,,kept,none,1
512__image_0090.jpg,975x1300,975x1300,,kept,none,1
512__image_0093.jpg,975x1300,975x1300,,kept,none,1
512__image_0095.jpg,975x1300,975x1300,,kept,none,1
512__image_0096.jpg,975x1300,975x1300,,kept,none,1
512__image_0099.jpg,979x1300,979x1300,,kept,none,1
512__image_0102.jpg,851x1300,851x1300,,kept,none,1
512__image_0103.jpg,867x1300,867x1300,,kept,none,1
512__image_0105.jpg,979x1300,979x1300,,kept,none,1
512__image_0107.jpg,867x1300,867x1300,,kept,none,1
512__image_0108.jpg,867x1300,867x1300,,kept,none,1
512__image_0109.jpg,867x1300,867x1300,,kept,none,1
512__image_0110.jpg,867x1300,867x1300,,kept,none,1
512__image_0111.jpg,957x1300,957x1300,,kept,none,1
512__image_0112.jpg,1015x1300,1015x1300,,kept,none,1
512__image_0116.jpg,979x1300,979x1300,,kept,none,1
512__image_0118.jpg,867x1300,867x1300,,kept,none,1
512__image_0122.jpg,867x1300,867x1300,,kept,none,1
512__image_0123.jpg,868x1300,868x1300,,kept,none,1
512__image_0124.jpg,867x1300,867x1300,,kept,none,1
512__image_0128.jpg,978x1300,978x1300,,kept,none,1
512__image_0129.jpg,867x1300,867x1300,,kept,none,1
512__image_0135.jpg,975x1300,975x1300,,kept,none,1
512__image_0136.jpg,768x1300,768x1300,,kept,none,1
512__image_0139.jpg,867x1300,867x1300,,kept,none,1
512__image_0140.jpg,975x1300,975x1300,,kept,none,1
512__image_0141.jpg,1280x853,1280x853,,kept,none,1
512__image_0142.jpg,1280x853,1280x853,,kept,none,1
512__image_0143.jpg,1280x853,1280x853,,kept,none,1
512__image_0144.jpg,1280x854,1280x854,,kept,none,1
512__image_0145.jpg,1280x853,1280x853,,kept,none,1
512__image_0146.jpg,1280x853,1280x853,,kept,none,1
512__image_0147.jpg,1280x853,1280x853,,kept,none,1
512__image_0148.jpg,1280x960,1280x960,,kept,none,1
512__image_0149.jpg,1280x853,1280x853,,kept,none,1
512__image_0150.jpg,1280x853,1280x853,,kept,none,1
512__image_0151.jpg,853x1280,853x1280,,kept,none,1
512__image_0152.jpg,1280x768,1280x768,,kept,none,1
512__image_0153.jpg,1280x646,1280x646,,kept,none,1
512__image_0154.jpg,1280x720,1280x720,,kept,none,1
512__image_0155.jpg,853x1280,853x1280,,kept,none,1
512__image_0156.jpg,1280x853,1280x853,,kept,none,1
512__image_0157.jpg,1280x853,1280x853,,kept,none,1
512__image_0159.jpg,1280x853,1280x853,,kept,none,1
512__image_0160.jpg,1280x853,1280x853,,kept,none,1
512__image_0161.jpg,1280x853,1280x853,,kept,none,1
512__image_0162.jpg,853x1280,853x1280,,kept,none,1
512__image_0163.jpg,1280x960,1280x960,,kept,none,1
512__image_0164.jpg,1280x960,1280x960,,kept,none,1
512__image_0165.jpg,853x1280,853x1280,,kept,none,1
512__image_0166.jpg,1280x853,1280x853,,kept,none,1
512__image_0167.jpg,1280x853,1280x853,,kept,none,1
512__image_0168.jpg,1024x1280,1024x1280,,kept,none,1
512__image_0169.jpg,1280x853,1280x853,,kept,none,1
512__image_0170.jpg,1280x853,1280x853,,kept,none,1
512__image_0171.jpg,1280x853,1280x853,,kept,none,1
512__image_0172.jpg,1280x848,1280x848,,kept,none,1
512__image_0173.jpg,1280x853,1280x853,,kept,none,1
512__image_0174.jpg,1280x853,1280x853,,kept,none,1
512__image_0176.jpg,854x1280,854x1280,,kept,none,1
512__image_0177.jpg,1280x960,1280x960,,kept,none,1
512__image_0178.jpg,1280x853,1280x853,,kept,none,1
512__image_0179.jpg,1280x876,1280x876,,kept,none,1
512__image_0180.jpg,1280x853,1280x853,,kept,none,1
512__image_0182.jpg,1280x853,1280x853,,kept,none,1
512__image_0183.jpg,854x1280,854x1280,,kept,none,1
512__image_0184.jpg,1280x804,1280x804,,kept,none,1
512__image_0185.jpg,1280x853,1280x853,,kept,none,1
512__image_0186.jpg,1280x853,1280x853,,kept,none,1
512__image_0187.jpg,1280x853,1280x853,,kept,none,1
512__image_0188.jpg,1280x853,1280x853,,kept,none,1
512__image_0189.jpg,854x1280,854x1280,,kept,none,1
512__image_0190.jpg,1280x853,1280x853,,kept,none,1
512__image_0191.jpg,1280x853,1280x853,,kept,none,1
512__image_0192.jpg,1280x849,1280x849,,kept,none,1
512__image_0193.jpg,1280x668,1280x668,,kept,none,1
512__image_0194.jpg,1280x921,1280x921,,kept,none,1
512__image_0195.jpg,1280x862,1280x862,,kept,none,1
512__image_0196.jpg,1280x853,1280x853,,kept,none,1
512__image_0197.jpg,1280x853,1280x853,,kept,none,1
512__image_0198.jpg,1280x853,1280x853,,kept,none,1
512__image_0199.jpg,1280x853,1280x853,,kept,none,1
512__image_0200.jpg,1280x853,1280x853,,kept,none,1
512__image_0201.jpg,853x1280,853x1280,,kept,none,1
512__image_0202.jpg,1280x828,1280x828,,kept,none,1
512__image_0203.jpg,720x1280,720x1280,,kept,none,1
512__image_0204.jpg,1280x825,1280x825,,kept,none,1
512__image_0205.jpg,1280x853,1280x853,,kept,none,1
512__image_0206.jpg,1280x960,1280x960,,kept,none,1
512__image_0207.jpg,1280x853,1280x853,,kept,none,1
512__image_0208.jpg,960x1280,960x1280,,kept,none,1
512__image_0209.jpg,1280x853,1280x853,,kept,none,1
512__image_0210.jpg,1280x960,1280x960,,kept,none,1
512__image_0211.jpg,1280x853,1280x853,,kept,none,1
512__image_0212.jpg,1280x958,1280x958,,kept,none,1
512__image_0213.jpg,1280x853,1280x853,,kept,none,1
512__image_0214.jpg,792x1280,792x1280,,kept,none,1
512__image_0215.jpg,1280x853,1280x853,,kept,none,1
512__image_0216.jpg,1280x853,1280x853,,kept,none,1
512__image_0220.jpg,1280x810,1280x810,,kept,none,1
512__image_0221.jpg,1280x853,1280x853,,kept,none,1
512__image_0223.jpg,1280x853,1280x853,,kept,none,1
512__image_0224.jpg,1280x853,1280x853,,kept,none,1
512__image_0225.jpg,1280x853,1280x853,,kept,none,1
512__image_0226.jpg,1280x853,1280x853,,kept,none,1
512__image_0227.jpg,1280x960,1280x960,,kept,none,1
512__image_0228.jpg,1280x794,1280x794,,kept,none,1
512__image_0229.jpg,1280x853,1280x853,,kept,none,1
512__image_0230.jpg,852x1280,852x1280,,kept,none,1
512__image_0231.jpg,1280x853,1280x853,,kept,none,1
512__image_0232.jpg,1280x935,1280x935,,kept,none,1
512__image_0233.jpg,1280x853,1280x853,,kept,none,1
512__image_0234.jpg,853x1280,853x1280,,kept,none,1
512__image_0235.jpg,1280x853,1280x853,,kept,none,1
512__image_0236.jpg,1280x853,1280x853,,kept,none,1
512__image_0237.jpg,1280x870,1280x870,,kept,none,1
512__image_0238.jpg,1280x853,1280x853,,kept,none,1
512__image_0239.jpg,1280x960,1280x960,,kept,none,1
512__image_0240.jpg,1280x772,1280x772,,kept,none,1
512__image_0241.jpg,1280x853,1280x853,,kept,none,1
512__image_0243.jpg,960x1280,960x1280,,kept,none,1
512__image_0244.jpg,1280x853,1280x853,,kept,none,1
512__image_0245.jpg,1280x853,1280x853,,kept,none,1
512__image_0246.jpg,1280x853,1280x853,,kept,none,1
512__image_0247.jpg,960x1280,960x1280,,kept,none,1
512__image_0248.jpg,1280x960,1280x960,,kept,none,1
512__image_0249.jpg,1280x857,1280x857,,kept,none,1
512__image_0250.jpg,1280x853,1280x853,,kept,none,1
512__image_0251.jpg,1080x810,1080x810,,kept,none,1
512__image_0252.jpg,1080x720,1080x720,,kept,none,1
512__image_0253.jpg,1080x720,1080x720,,kept,none,1
512__image_0254.jpg,1080x720,1080x720,,kept,none,1
512__image_0255.jpg,1080x808,1080x808,,kept,none,1
512__image_0256.jpg,1080x810,1080x810,,kept,none,1
512__image_0257.jpg,1080x864,1080x864,,kept,none,1
512__image_0258.jpg,1080x577,1080x577,,kept,none,1
512__image_0259.jpg,1080x720,1080x720,,kept,none,1
512__image_0260.jpg,1080x720,1080x720,,kept,none,1
512__image_0261.jpg,1080x720,1080x720,,kept,none,1
512__image_0263.jpg,1080x720,1080x720,,kept,none,1
512__image_0264.jpg,1080x782,1080x782,,kept,none,1
512__image_0265.jpg,1080x715,1080x715,,kept,none,1
512__image_0266.jpg,1080x720,1080x720,,kept,none,1
512__image_0267.jpg,1080x720,1080x720,,kept,none,1
512__image_0268.jpg,1080x720,1080x720,,kept,none,1
512__image_0269.jpg,1080x714,1080x714,,kept,none,1
512__image_0270.jpg,1080x812,1080x812,,kept,none,1
512__image_0271.jpg,1080x810,1080x810,,kept,none,1
512__image_0272.jpg,1080x720,1080x720,,kept,none,1
512__image_0273.jpg,1080x720,1080x720,,kept,none,1
512__image_0274.jpg,1080x675,1080x675,,kept,none,1
512__image_0275.jpg,1080x810,1080x810,,kept,none,1
512__image_0276.jpg,1080x810,1080x810,,kept,none,1
512__image_0277.jpg,1080x609,1080x609,,kept,none,1
512__image_0278.jpg,1080x714,1080x714,,kept,none,1
512__image_0279.jpg,1080x720,1080x720,,kept,none,1
512__image_0280.jpg,1080x810,1080x810,,kept,none,1
512__image_0281.jpg,1080x810,1080x810,,kept,none,1
512__image_0282.jpg,1080x810,1080x810,,kept,none,1
512__image_0283.jpg,1080x720,1080x720,,kept,none,1
512__image_0284.jpg,1080x572,1080x572,,kept,none,1
512__image_0285.jpg,1080x720,1080x720,,kept,none,1
512__image_0286.jpg,1080x719,1080x719,,kept,none,1
512__image_0287.jpg,1080x715,1080x715,,kept,none,1
512__image_0288.jpg,1080x810,1080x810,,kept,none,1
512__image_0289.jpg,1080x720,1080x720,,kept,none,1
512__image_0290.jpg,1080x551,1080x551,,kept,none,1
512__image_0291.jpg,1080x607,1080x607,,kept,none,1
512__image_0293.jpg,1080x952,1080x952,,kept,none,1
512__image_0294.jpg,1080x608,1080x608,,kept,none,1
512__image_0295.jpg,1080x607,1080x607,,kept,none,1
512__image_0296.jpg,1080x608,1080x608,,kept,none,1
512__image_0297.jpg,1080x607,1080x607,,kept,none,1
512__image_0298.jpg,1080x715,1080x715,,kept,none,1
512__image_0299.jpg,1080x607,1080x607,,kept,none,1
512__image_0300.jpg,1080x810,1080x810,,kept,none,1
512__image_0301.jpg,1080x720,1080x720,,kept,none,1
512__image_0302.jpg,1080x720,1080x720,,kept,none,1
512__image_0303.jpg,1080x706,1080x706,,kept,none,1
512__image_0304.jpg,1080x720,1080x720,,kept,none,1
512__image_0305.jpg,1080x720,1080x720,,kept,none,1
512__image_0306.jpg,1080x624,1080x624,,kept,none,1
512__image_0307.jpg,1080x720,1080x720,,kept,none,1
512__image_0308.jpg,1080x810,1080x810,,kept,none,1
512__image_0309.jpg,1080x810,1080x810,,kept,none,1
512__image_0310.jpg,1080x747,1080x747,,kept,none,1
512__image_0311.jpg,1080x720,1080x720,,kept,none,1
512__image_0312.jpg,1080x810,1080x810,,kept,none,1
512__image_0313.jpg,1080x847,1080x847,,kept,none,1
512__image_0314.jpg,1080x719,1080x719,,kept,none,1
512__image_0315.jpg,1080x720,1080x720,,kept,none,1
512__image_0316.jpg,1080x720,1080x720,,kept,none,1
512__image_0317.jpg,1080x810,1080x810,,kept,none,1
512__image_0318.jpg,1080x720,1080x720,,kept,none,1
512__image_0319.jpg,1080x720,1080x720,,kept,none,1
512__image_0320.jpg,1080x720,1080x720,,kept,none,1
512__image_0321.jpg,1080x720,1080x720,,kept,none,1
512__image_0322.jpg,1080x781,1080x781,,kept,none,1
512__image_0323.jpg,1080x608,1080x608,,kept,none,1
512__image_0324.jpg,1080x720,1080x720,,kept,none,1
512__image_0325.jpg,1080x720,1080x720,,kept,none,1
512__image_0326.jpg,1080x720,1080x720,,kept,none,1
512__image_0327.jpg,1080x720,1080x720,,kept,none,1
512__image_0328.jpg,1080x810,1080x810,,kept,none,1
512__image_0329.jpg,1080x810,1080x810,,kept,none,1
512__image_0330.jpg,1080x810,1080x810,,kept,none,1
512__image_0358.jpg,865x1300,865x1300,,kept,none,1
512__image_0359.jpg,975x1300,975x1300,,kept,none,1
512__image_0361.jpg,867x1300,867x1300,,kept,none,1
512__image_0362.jpg,975x1300,975x1300,,kept,none,1
512__image_0363.jpg,867x1300,867x1300,,kept,none,1
512__image_0364.jpg,867x1300,867x1300,,kept,none,1
512__image_0365.jpg,975x1300,975x1300,,kept,none,1
512__image_0366.jpg,975x1300,975x1300,,kept,none,1
512__image_0367.jpg,867x1300,867x1300,,kept,none,1
512__image_0368.jpg,941x1300,941x1300,,kept,none,1
512__image_0369.jpg,867x1300,867x1300,,kept,none,1
512__image_0370.jpg,867x1300,867x1300,,kept,none,1
512__image_0372.jpg,867x1300,867x1300,,kept,none,1
512__image_0373.jpg,607x1300,607x1300,,kept,none,1
512__image_0374.jpg,975x1300,975x1300,,kept,none,1
512__image_0380.jpg,867x1300,867x1300,,kept,none,1
512__image_0383.jpg,868x1300,868x1300,,kept,none,1
512__image_0385.jpg,866x1300,866x1300,,kept,none,1
512__image_0386.jpg,867x1300,867x1300,,kept,none,1
512__image_0388.jpg,853x1280,853x1280,,kept,none,1
512__image_0389.jpg,853x1280,853x1280,,kept,none,1
512__image_0390.jpg,1280x853,1280x853,,kept,none,1
512__image_0391.jpg,1280x853,1280x853,,kept,none,1
512__image_0392.jpg,960x1280,960x1280,,kept,none,1
512__image_0393.jpg,1280x959,1280x959,,kept,none,1
512__image_0394.jpg,910x1280,910x1280,,kept,none,1
512__image_0395.jpg,853x1280,853x1280,,kept,none,1
512__image_0396.jpg,1280x851,1280x851,,kept,none,1
512__image_0397.jpg,1280x853,1280x853,,kept,none,1
512__image_0398.jpg,960x1280,960x1280,,kept,none,1
512__image_0399.jpg,1280x853,1280x853,,kept,none,1
512__image_0400.jpg,852x1280,852x1280,,kept,none,1
512__image_0401.jpg,1280x850,1280x850,,kept,none,1
512__image_0402.jpg,1280x853,1280x853,,kept,none,1
512__image_0403.jpg,1280x853,1280x853,,kept,none,1
512__image_0404.jpg,1280x720,1280x720,,kept,none,1
512__image_0405.jpg,1280x784,1280x784,,kept,none,1
512__image_0406.jpg,1280x853,1280x853,,kept,none,1
512__image_0407.jpg,960x1280,960x1280,,kept,none,1
512__image_0408.jpg,1280x851,1280x851,,kept,none,1
512__image_0409.jpg,1280x853,1280x853,,kept,none,1
512__image_0410.jpg,1280x853,1280x853,,kept,none,1
512__image_0411.jpg,774x1280,774x1280,,kept,none,1
512__image_0412.jpg,686x1280,686x1280,,kept,none,1
512__image_0414.jpg,1280x960,1280x960,,kept,none,1
512__image_0415.jpg,1280x960,1280x960,,kept,none,1
512__image_0416.jpg,1280x720,1280x720,,kept,none,1
512__image_0417.jpg,1280x853,1280x853,,kept,none,1
512__image_0418.jpg,1080x810,1080x810,,kept,none,1
512__image_0419.jpg,1080x771,1080x771,,kept,none,1
512__image_0420.jpg,1080x720,1080x720,,kept,none,1
512__image_0421.jpg,1080x720,1080x720,,kept,none,1
512__image_0422.jpg,1080x810,1080x810,,kept,none,1
512__image_0423.jpg,1080x607,1080x607,,kept,none,1
512__image_0424.jpg,1080x720,1080x720,,kept,none,1
512__image_0425.jpg,1080x720,1080x720,,kept,none,1
512__image_0426.jpg,1080x720,1080x720,,kept,none,1
512__image_0427.jpg,1080x720,1080x720,,kept,none,1
